num,leetcode
1,https://leetcode.com/alexlj/
2,https://leetcode.com/melouver/
3,https://leetcode.com/qinggniq/
4,https://leetcode.com/qunqunstyle/
5,https://leetcode.com/daidai21/
6,https://leetcode-cn.com/w_w/
7,https://leetcode-cn.com/baichen-2/
8,https://leetcode.com/litexy/
9,https://leetcode-cn.com/johnson0909/
10,https://leetcode.com/dekura/
11,https://leetcode-cn.com/treverof/
12,https://leetcode.com/shminjs/
13,https://leetcode.com/tscy/
14,https://leetcode-cn.com/coie/
15,https://leetcode.com/a2713247514/
16,https://leetcode-cn.com/smurfs/
17,https://leetcode.com/teteberry/
18,https://leetcode.com/maling_tju/
19,https://leetcode.com/shaer/
20,https://leetcode.com/icebear104/
21,https://leetcode.com/kappo/
22,https://leetcode-cn.com/lucas-12/
23,https://leetcode-cn.com/batman/
24,https://leetcode-cn.com/dance_dance_dance/
25,https://leetcode.com/gao199321/
26,https://leetcode.com/jueyoq/
27,https://leetcode-cn.com/tori22/
28,https://leetcode-cn.com/kmknkk/
29,https://leetcode-cn.com/zlovae/
30,https://leetcode.com/flynn_wang/
31,https://leetcode.com/luther-nwpu/
32,https://leetcode.com/ghostpath/
33,https://leetcode-cn.com/user0526p/
34,https://leetcode-cn.com/1033020837/
35,https://leetcode.com/gwep/
36,https://leetcode-cn.com/tian-dong/
37,https://leetcode.com/alex_xue/
38,https://leetcode-cn.com/dreams-2/
39,https://leetcode.com/huang_wudong/
40,https://leetcode-cn.com/duoduoobama/
41,https://leetcode-cn.com/shuai-qi-kai-kai-wang/
42,https://leetcode-cn.com/qian-nian-lao-yao/
43,https://leetcode-cn.com/xiaoxinganlinganim/
44,https://leetcode-cn.com/carlosgg/
45,https://leetcode.com/kappo/
46,https://leetcode-cn.com/lilyz/
47,https://leetcode.com/xuyisen/
48,https://leetcode-cn.com/seriouszyx/
49,https://leetcode.com/ruuuuuunner/
50,https://leetcode-cn.com/merickbao/
51,https://leetcode-cn.com/18051711238
52,https://leetcode-cn.com/s192516/
53,https://leetcode-cn.com/smoon1989/